agent_id,name,branch,join_date,commission_rate
1,Agent_1,Mumbai,2023-06-07,0.14
2,Agent_2,Pune,2020-03-13,0.09
3,Agent_3,Delhi,2019-09-09,0.07
4,Agent_4,Delhi,2023-06-23,0.13
5,Agent_5,Delhi,2022-08-08,0.07
6,Agent_6,Delhi,2021-02-09,0.19
7,Agent_7,Delhi,2018-08-03,0.12
8,Agent_8,Mumbai,2019-03-02,0.18
9,Agent_9,Pune,2023-04-26,0.16
10,Agent_10,Delhi,2019-11-21,0.18
11,Agent_11,Mumbai,2022-04-06,0.18
12,Agent_12,Bangalore,2020-01-08,0.06
13,Agent_13,Mumbai,2020-12-05,0.16
14,Agent_14,Pune,2020-12-16,0.08
15,Agent_15,Delhi,2020-02-12,0.2
16,Agent_16,Delhi,2022-02-18,0.17
17,Agent_17,Delhi,2022-05-07,0.05
18,Agent_18,Pune,2021-12-09,0.19
19,Agent_19,Bangalore,2023-05-07,0.09
20,Agent_20,Bangalore,2021-12-25,0.11
21,Agent_21,Mumbai,2021-02-28,0.14
22,Agent_22,Mumbai,2022-05-08,0.19
23,Agent_23,Delhi,2019-08-18,0.19
24,Agent_24,Delhi,2023-05-30,0.13
25,Agent_25,Delhi,2020-11-07,0.1
26,Agent_26,Mumbai,2019-02-16,0.09
27,Agent_27,Delhi,2018-05-23,0.1
28,Agent_28,Mumbai,2021-08-22,0.08
29,Agent_29,Mumbai,2019-02-21,0.15
30,Agent_30,Pune,2022-04-13,0.13
31,Agent_31,Delhi,2020-03-24,0.17
32,Agent_32,Delhi,2021-02-10,0.06
33,Agent_33,Mumbai,2019-09-20,0.11
34,Agent_34,Mumbai,2020-04-19,0.09
35,Agent_35,Mumbai,2021-10-31,0.13
36,Agent_36,Pune,2022-02-20,0.12
37,Agent_37,Pune,2022-11-22,0.12
38,Agent_38,Mumbai,2022-07-07,0.1
39,Agent_39,Pune,2021-01-22,0.16
40,Agent_40,Pune,2020-10-21,0.12
41,Agent_41,Bangalore,2019-03-31,0.08
42,Agent_42,Delhi,2022-09-15,0.13
43,Agent_43,Mumbai,2023-01-24,0.14
44,Agent_44,Bangalore,2022-01-25,0.05
45,Agent_45,Bangalore,2021-03-18,0.08
46,Agent_46,Pune,2022-05-11,0.09
47,Agent_47,Mumbai,2022-05-25,0.09
48,Agent_48,Pune,2022-08-08,0.09
49,Agent_49,Bangalore,2018-03-19,0.09
50,Agent_50,Bangalore,2019-10-09,0.09
51,Agent_51,Bangalore,2021-01-07,0.18
52,Agent_52,Delhi,2020-04-19,0.1
53,Agent_53,Mumbai,2020-08-13,0.1
54,Agent_54,Delhi,2018-09-05,0.09
55,Agent_55,Bangalore,2022-09-08,0.2
56,Agent_56,Bangalore,2020-10-30,0.13
57,Agent_57,Bangalore,2021-05-29,0.14
58,Agent_58,Delhi,2021-02-24,0.16
59,Agent_59,Pune,2018-02-10,0.1
60,Agent_60,Mumbai,2023-04-23,0.2
61,Agent_61,Pune,2022-09-22,0.07
62,Agent_62,Pune,2020-08-19,0.12
63,Agent_63,Bangalore,2020-06-22,0.07
64,Agent_64,Delhi,2019-02-18,0.17
65,Agent_65,Pune,2022-07-01,0.07
66,Agent_66,Delhi,2019-11-07,0.13
67,Agent_67,Delhi,2021-04-16,0.07
68,Agent_68,Delhi,2018-03-23,0.12
69,Agent_69,Mumbai,2021-11-10,0.09
70,Agent_70,Pune,2022-03-21,0.19
71,Agent_71,Bangalore,2022-09-06,0.06
72,Agent_72,Bangalore,2018-11-29,0.15
73,Agent_73,Mumbai,2018-10-23,0.15
74,Agent_74,Pune,2019-03-17,0.18
75,Agent_75,Bangalore,2020-02-18,0.18
76,Agent_76,Delhi,2022-07-12,0.2
77,Agent_77,Bangalore,2019-12-13,0.09
78,Agent_78,Pune,2019-05-10,0.09
79,Agent_79,Delhi,2023-05-12,0.11
80,Agent_80,Mumbai,2019-06-13,0.13
81,Agent_81,Bangalore,2022-05-30,0.11
82,Agent_82,Bangalore,2021-02-18,0.16
83,Agent_83,Mumbai,2022-12-23,0.05
84,Agent_84,Pune,2022-04-24,0.05
85,Agent_85,Delhi,2020-05-15,0.16
86,Agent_86,Bangalore,2018-07-14,0.18
87,Agent_87,Pune,2019-05-13,0.17
88,Agent_88,Delhi,2018-06-02,0.07
89,Agent_89,Bangalore,2018-12-10,0.19
90,Agent_90,Pune,2022-11-16,0.13
91,Agent_91,Pune,2018-04-26,0.16
92,Agent_92,Mumbai,2020-09-09,0.08
93,Agent_93,Bangalore,2023-05-04,0.13
94,Agent_94,Delhi,2020-07-30,0.1
95,Agent_95,Bangalore,2020-11-30,0.2
96,Agent_96,Mumbai,2018-04-14,0.12
97,Agent_97,Delhi,2018-09-05,0.16
98,Agent_98,Pune,2020-09-13,0.14
99,Agent_99,Mumbai,2020-08-03,0.06
100,Agent_100,Delhi,2018-12-30,0.13
101,Agent_101,Delhi,2019-11-15,0.13
102,Agent_102,Bangalore,2021-07-13,0.16
103,Agent_103,Pune,2023-02-08,0.1
104,Agent_104,Mumbai,2021-11-10,0.18
105,Agent_105,Pune,2020-06-06,0.14
106,Agent_106,Mumbai,2021-03-18,0.06
107,Agent_107,Bangalore,2021-05-11,0.16
108,Agent_108,Delhi,2021-10-29,0.19
109,Agent_109,Bangalore,2023-06-17,0.15
110,Agent_110,Mumbai,2020-11-14,0.11
111,Agent_111,Pune,2020-08-22,0.14
112,Agent_112,Delhi,2022-12-19,0.08
113,Agent_113,Mumbai,2022-01-16,0.14
114,Agent_114,Delhi,2019-04-02,0.13
115,Agent_115,Delhi,2018-01-11,0.05
116,Agent_116,Bangalore,2023-05-18,0.1
117,Agent_117,Mumbai,2021-07-08,0.08
118,Agent_118,Pune,2019-06-02,0.11
119,Agent_119,Bangalore,2018-08-13,0.09
120,Agent_120,Bangalore,2021-07-19,0.18
121,Agent_121,Bangalore,2020-01-30,0.15
122,Agent_122,Mumbai,2018-02-15,0.16
123,Agent_123,Mumbai,2019-02-12,0.1
124,Agent_124,Delhi,2018-01-14,0.05
125,Agent_125,Delhi,2019-06-20,0.08
126,Agent_126,Delhi,2018-12-31,0.16
127,Agent_127,Delhi,2018-09-11,0.14
128,Agent_128,Bangalore,2020-04-23,0.13
129,Agent_129,Pune,2021-12-01,0.09
130,Agent_130,Delhi,2020-07-23,0.06
131,Agent_131,Mumbai,2022-12-03,0.17
132,Agent_132,Delhi,2022-11-18,0.06
133,Agent_133,Mumbai,2019-05-04,0.06
134,Agent_134,Pune,2022-12-18,0.09
135,Agent_135,Bangalore,2021-02-09,0.14
136,Agent_136,Pune,2018-07-20,0.2
137,Agent_137,Pune,2021-08-18,0.06
138,Agent_138,Bangalore,2018-04-15,0.12
139,Agent_139,Mumbai,2018-08-16,0.14
140,Agent_140,Pune,2021-12-19,0.17
141,Agent_141,Bangalore,2019-05-03,0.15
142,Agent_142,Mumbai,2022-09-19,0.17
143,Agent_143,Mumbai,2019-03-29,0.13
144,Agent_144,Mumbai,2020-05-29,0.12
145,Agent_145,Bangalore,2022-09-02,0.14
146,Agent_146,Delhi,2021-04-25,0.19
147,Agent_147,Bangalore,2023-05-09,0.13
148,Agent_148,Pune,2019-07-07,0.14
149,Agent_149,Bangalore,2021-09-08,0.1
150,Agent_150,Bangalore,2021-09-24,0.14
151,Agent_151,Pune,2018-03-24,0.14
152,Agent_152,Bangalore,2020-04-12,0.16
153,Agent_153,Bangalore,2018-12-08,0.14
154,Agent_154,Pune,2018-05-27,0.08
155,Agent_155,Delhi,2020-09-12,0.14
156,Agent_156,Delhi,2018-12-01,0.09
157,Agent_157,Mumbai,2022-08-10,0.06
158,Agent_158,Delhi,2020-03-03,0.17
159,Agent_159,Bangalore,2019-11-10,0.06
160,Agent_160,Pune,2022-11-27,0.14
161,Agent_161,Mumbai,2018-08-11,0.2
162,Agent_162,Bangalore,2019-08-29,0.06
163,Agent_163,Mumbai,2021-10-31,0.08
164,Agent_164,Pune,2022-08-24,0.16
165,Agent_165,Bangalore,2018-09-05,0.06
166,Agent_166,Mumbai,2019-04-09,0.17
167,Agent_167,Mumbai,2019-02-28,0.05
168,Agent_168,Delhi,2021-07-15,0.18
169,Agent_169,Mumbai,2020-05-09,0.06
170,Agent_170,Delhi,2022-08-21,0.19
171,Agent_171,Delhi,2022-05-25,0.18
172,Agent_172,Pune,2019-11-13,0.13
173,Agent_173,Delhi,2019-02-02,0.17
174,Agent_174,Mumbai,2018-09-18,0.06
175,Agent_175,Delhi,2021-12-14,0.07
176,Agent_176,Delhi,2022-01-06,0.11
177,Agent_177,Mumbai,2019-03-17,0.13
178,Agent_178,Pune,2022-10-17,0.18
179,Agent_179,Pune,2023-01-26,0.13
180,Agent_180,Mumbai,2022-02-12,0.15
181,Agent_181,Bangalore,2020-09-17,0.15
182,Agent_182,Bangalore,2019-08-13,0.18
183,Agent_183,Mumbai,2020-09-18,0.17
184,Agent_184,Delhi,2022-01-10,0.2
185,Agent_185,Mumbai,2020-08-02,0.05
186,Agent_186,Mumbai,2022-09-25,0.08
187,Agent_187,Bangalore,2020-05-30,0.19
188,Agent_188,Bangalore,2018-11-04,0.17
189,Agent_189,Mumbai,2019-10-11,0.09
190,Agent_190,Delhi,2018-05-24,0.2
191,Agent_191,Pune,2022-04-20,0.18
192,Agent_192,Mumbai,2018-11-26,0.06
193,Agent_193,Mumbai,2023-03-20,0.17
194,Agent_194,Pune,2020-02-23,0.17
195,Agent_195,Bangalore,2020-09-16,0.08
196,Agent_196,Delhi,2021-03-30,0.15
197,Agent_197,Bangalore,2018-11-03,0.2
198,Agent_198,Pune,2021-09-02,0.15
199,Agent_199,Pune,2019-08-14,0.17
200,Agent_200,Pune,2020-04-06,0.06
201,Agent_201,Pune,2021-02-24,0.16
202,Agent_202,Delhi,2023-03-10,0.08
203,Agent_203,Mumbai,2019-04-01,0.06
204,Agent_204,Mumbai,2018-01-04,0.13
205,Agent_205,Pune,2022-02-24,0.16
206,Agent_206,Delhi,2021-11-10,0.13
207,Agent_207,Pune,2023-02-06,0.19
208,Agent_208,Delhi,2019-05-20,0.15
209,Agent_209,Mumbai,2018-07-05,0.07
210,Agent_210,Delhi,2020-05-19,0.19
211,Agent_211,Mumbai,2020-12-21,0.07
212,Agent_212,Delhi,2023-03-05,0.16
213,Agent_213,Bangalore,2021-07-28,0.07
214,Agent_214,Delhi,2023-02-06,0.2
215,Agent_215,Pune,2021-07-28,0.1
216,Agent_216,Bangalore,2022-07-17,0.12
217,Agent_217,Bangalore,2023-02-01,0.12
218,Agent_218,Bangalore,2022-12-23,0.07
219,Agent_219,Bangalore,2020-01-10,0.12
220,Agent_220,Bangalore,2020-10-04,0.07
221,Agent_221,Bangalore,2020-05-19,0.17
222,Agent_222,Bangalore,2018-12-28,0.19
223,Agent_223,Delhi,2018-07-02,0.17
224,Agent_224,Pune,2020-10-02,0.11
225,Agent_225,Delhi,2018-05-11,0.05
226,Agent_226,Bangalore,2023-05-20,0.06
227,Agent_227,Bangalore,2022-08-20,0.12
228,Agent_228,Bangalore,2018-07-05,0.15
229,Agent_229,Delhi,2021-11-19,0.17
230,Agent_230,Pune,2022-11-06,0.14
231,Agent_231,Pune,2022-08-12,0.2
232,Agent_232,Delhi,2020-12-02,0.12
233,Agent_233,Mumbai,2020-10-24,0.14
234,Agent_234,Mumbai,2021-09-10,0.08
235,Agent_235,Pune,2021-05-06,0.1
236,Agent_236,Mumbai,2020-02-29,0.15
237,Agent_237,Delhi,2020-05-27,0.14
238,Agent_238,Pune,2021-10-14,0.11
239,Agent_239,Pune,2020-10-26,0.07
240,Agent_240,Delhi,2023-06-21,0.1
241,Agent_241,Delhi,2022-08-13,0.06
242,Agent_242,Delhi,2020-02-23,0.14
243,Agent_243,Bangalore,2018-06-13,0.1
244,Agent_244,Mumbai,2019-11-21,0.11
245,Agent_245,Mumbai,2022-05-13,0.14
246,Agent_246,Pune,2019-12-12,0.14
247,Agent_247,Mumbai,2019-08-22,0.14
248,Agent_248,Pune,2021-11-03,0.12
249,Agent_249,Pune,2021-04-17,0.12
250,Agent_250,Bangalore,2022-06-02,0.17
251,Agent_251,Pune,2020-12-06,0.12
252,Agent_252,Bangalore,2021-12-31,0.13
253,Agent_253,Mumbai,2022-07-28,0.2
254,Agent_254,Bangalore,2020-09-28,0.08
255,Agent_255,Delhi,2019-10-27,0.16
256,Agent_256,Bangalore,2021-11-11,0.12
257,Agent_257,Pune,2022-12-10,0.17
258,Agent_258,Mumbai,2022-07-09,0.11
259,Agent_259,Pune,2018-02-22,0.1
260,Agent_260,Mumbai,2022-11-13,0.08
261,Agent_261,Pune,2020-04-14,0.18
262,Agent_262,Bangalore,2021-08-03,0.16
263,Agent_263,Pune,2021-11-07,0.06
264,Agent_264,Delhi,2019-08-02,0.16
265,Agent_265,Delhi,2021-09-22,0.06
266,Agent_266,Mumbai,2021-04-21,0.08
267,Agent_267,Mumbai,2018-08-19,0.14
268,Agent_268,Bangalore,2022-01-13,0.12
269,Agent_269,Pune,2019-01-24,0.18
270,Agent_270,Delhi,2019-01-28,0.14
271,Agent_271,Bangalore,2021-08-01,0.19
272,Agent_272,Mumbai,2021-04-01,0.18
273,Agent_273,Bangalore,2021-02-01,0.1
274,Agent_274,Mumbai,2021-04-01,0.18
275,Agent_275,Mumbai,2018-11-02,0.18
276,Agent_276,Bangalore,2022-12-27,0.2
277,Agent_277,Pune,2021-07-18,0.05
278,Agent_278,Bangalore,2022-04-14,0.18
279,Agent_279,Mumbai,2019-02-13,0.06
280,Agent_280,Delhi,2021-01-03,0.13
281,Agent_281,Pune,2022-02-17,0.11
282,Agent_282,Pune,2021-08-29,0.19
283,Agent_283,Delhi,2018-04-22,0.11
284,Agent_284,Pune,2021-06-25,0.14
285,Agent_285,Mumbai,2023-01-17,0.15
286,Agent_286,Bangalore,2020-04-15,0.05
287,Agent_287,Mumbai,2020-06-10,0.14
288,Agent_288,Pune,2020-01-28,0.13
289,Agent_289,Delhi,2019-05-06,0.14
290,Agent_290,Pune,2022-05-13,0.06
291,Agent_291,Mumbai,2022-08-03,0.06
292,Agent_292,Pune,2019-04-25,0.08
293,Agent_293,Pune,2018-11-21,0.18
294,Agent_294,Mumbai,2021-10-17,0.1
295,Agent_295,Pune,2022-11-14,0.12
296,Agent_296,Mumbai,2019-04-30,0.11
297,Agent_297,Delhi,2019-02-25,0.16
298,Agent_298,Pune,2021-12-03,0.09
299,Agent_299,Delhi,2023-02-03,0.06
300,Agent_300,Bangalore,2021-12-02,0.11
301,Agent_301,Pune,2020-03-14,0.16
302,Agent_302,Bangalore,2020-02-01,0.19
303,Agent_303,Delhi,2018-05-10,0.06
304,Agent_304,Delhi,2023-01-01,0.17
305,Agent_305,Mumbai,2021-02-22,0.06
306,Agent_306,Bangalore,2023-03-07,0.1
307,Agent_307,Bangalore,2022-12-05,0.05
308,Agent_308,Mumbai,2022-10-03,0.19
309,Agent_309,Bangalore,2018-10-11,0.16
310,Agent_310,Delhi,2018-07-07,0.11
311,Agent_311,Delhi,2019-03-14,0.11
312,Agent_312,Delhi,2023-04-02,0.15
313,Agent_313,Delhi,2020-05-21,0.06
314,Agent_314,Pune,2018-02-13,0.07
315,Agent_315,Mumbai,2022-03-26,0.18
316,Agent_316,Pune,2020-10-25,0.08
317,Agent_317,Pune,2020-05-18,0.16
318,Agent_318,Bangalore,2019-01-11,0.08
319,Agent_319,Mumbai,2018-06-24,0.06
320,Agent_320,Pune,2021-03-28,0.19
321,Agent_321,Pune,2021-06-21,0.19
322,Agent_322,Mumbai,2018-01-29,0.14
323,Agent_323,Delhi,2019-01-22,0.12
324,Agent_324,Mumbai,2021-03-23,0.13
325,Agent_325,Mumbai,2019-08-30,0.11
326,Agent_326,Mumbai,2018-01-02,0.16
327,Agent_327,Delhi,2018-12-01,0.16
328,Agent_328,Mumbai,2019-04-06,0.17
329,Agent_329,Delhi,2022-06-16,0.13
330,Agent_330,Pune,2018-02-25,0.17
331,Agent_331,Pune,2020-01-18,0.07
332,Agent_332,Delhi,2019-02-02,0.05
333,Agent_333,Bangalore,2021-09-17,0.15
334,Agent_334,Mumbai,2022-03-31,0.07
335,Agent_335,Pune,2019-08-20,0.13
336,Agent_336,Pune,2020-06-10,0.16
337,Agent_337,Delhi,2019-01-09,0.11
338,Agent_338,Bangalore,2022-11-25,0.06
339,Agent_339,Bangalore,2022-10-23,0.18
340,Agent_340,Bangalore,2022-11-20,0.06
341,Agent_341,Delhi,2020-10-18,0.19
342,Agent_342,Delhi,2020-12-04,0.06
343,Agent_343,Mumbai,2020-03-25,0.16
344,Agent_344,Pune,2022-04-05,0.19
345,Agent_345,Pune,2018-05-04,0.19
346,Agent_346,Delhi,2019-10-20,0.18
347,Agent_347,Pune,2018-08-18,0.18
348,Agent_348,Mumbai,2021-09-20,0.13
349,Agent_349,Delhi,2019-07-27,0.13
350,Agent_350,Pune,2018-05-01,0.14
351,Agent_351,Bangalore,2021-07-03,0.18
352,Agent_352,Delhi,2022-10-06,0.18
353,Agent_353,Pune,2022-02-14,0.17
354,Agent_354,Pune,2019-06-01,0.15
355,Agent_355,Mumbai,2018-11-10,0.14
356,Agent_356,Mumbai,2021-09-22,0.19
357,Agent_357,Bangalore,2018-03-18,0.08
358,Agent_358,Bangalore,2020-04-07,0.08
359,Agent_359,Bangalore,2022-08-04,0.2
360,Agent_360,Mumbai,2018-04-10,0.13
361,Agent_361,Pune,2022-10-10,0.12
362,Agent_362,Delhi,2018-10-23,0.18
363,Agent_363,Delhi,2022-09-27,0.18
364,Agent_364,Mumbai,2022-09-12,0.08
365,Agent_365,Mumbai,2021-07-05,0.08
366,Agent_366,Mumbai,2020-09-11,0.17
367,Agent_367,Mumbai,2021-12-31,0.17
368,Agent_368,Delhi,2019-12-08,0.08
369,Agent_369,Bangalore,2022-08-02,0.18
370,Agent_370,Delhi,2019-06-07,0.12
371,Agent_371,Mumbai,2020-02-17,0.12
372,Agent_372,Bangalore,2022-04-13,0.2
373,Agent_373,Delhi,2021-02-16,0.13
374,Agent_374,Mumbai,2019-01-30,0.07
375,Agent_375,Mumbai,2022-03-01,0.09
376,Agent_376,Pune,2021-06-26,0.1
377,Agent_377,Pune,2020-10-27,0.19
378,Agent_378,Mumbai,2021-12-07,0.09
379,Agent_379,Delhi,2020-08-18,0.11
380,Agent_380,Pune,2021-12-30,0.16
381,Agent_381,Delhi,2019-10-17,0.09
382,Agent_382,Delhi,2022-03-23,0.16
383,Agent_383,Pune,2022-01-15,0.08
384,Agent_384,Mumbai,2019-07-21,0.09
385,Agent_385,Pune,2023-04-07,0.2
386,Agent_386,Delhi,2020-11-09,0.11
387,Agent_387,Bangalore,2023-03-31,0.16
388,Agent_388,Pune,2018-01-03,0.18
389,Agent_389,Bangalore,2019-02-17,0.1
390,Agent_390,Mumbai,2018-01-20,0.1
391,Agent_391,Pune,2022-12-07,0.17
392,Agent_392,Bangalore,2019-03-21,0.14
393,Agent_393,Mumbai,2018-08-15,0.1
394,Agent_394,Delhi,2021-10-01,0.16
395,Agent_395,Mumbai,2023-03-01,0.18
396,Agent_396,Mumbai,2022-10-20,0.09
397,Agent_397,Delhi,2019-11-08,0.05
398,Agent_398,Mumbai,2021-09-25,0.09
399,Agent_399,Pune,2020-12-10,0.15
400,Agent_400,Mumbai,2019-01-08,0.19
401,Agent_401,Bangalore,2019-11-13,0.18
402,Agent_402,Mumbai,2020-08-26,0.08
403,Agent_403,Bangalore,2023-06-18,0.18
404,Agent_404,Mumbai,2018-12-19,0.17
405,Agent_405,Pune,2020-11-19,0.16
406,Agent_406,Delhi,2019-04-23,0.15
407,Agent_407,Delhi,2018-09-01,0.17
408,Agent_408,Bangalore,2022-04-30,0.18
409,Agent_409,Mumbai,2019-12-28,0.17
410,Agent_410,Mumbai,2023-03-07,0.07
411,Agent_411,Pune,2019-02-12,0.16
412,Agent_412,Mumbai,2021-12-09,0.18
413,Agent_413,Bangalore,2020-11-12,0.08
414,Agent_414,Bangalore,2018-02-22,0.08
415,Agent_415,Pune,2020-12-01,0.17
416,Agent_416,Bangalore,2022-08-27,0.1
417,Agent_417,Bangalore,2022-06-28,0.11
418,Agent_418,Pune,2020-05-30,0.11
419,Agent_419,Bangalore,2021-03-31,0.08
420,Agent_420,Bangalore,2020-05-02,0.19
421,Agent_421,Delhi,2021-03-23,0.17
422,Agent_422,Pune,2021-09-12,0.09
423,Agent_423,Delhi,2019-02-13,0.07
424,Agent_424,Mumbai,2022-03-19,0.11
425,Agent_425,Pune,2019-01-08,0.11
426,Agent_426,Mumbai,2019-07-09,0.05
427,Agent_427,Bangalore,2022-01-29,0.18
428,Agent_428,Delhi,2020-06-20,0.18
429,Agent_429,Bangalore,2022-05-09,0.18
430,Agent_430,Delhi,2020-03-30,0.17
431,Agent_431,Delhi,2022-02-26,0.16
432,Agent_432,Delhi,2019-06-09,0.15
433,Agent_433,Delhi,2022-01-13,0.19
434,Agent_434,Bangalore,2022-07-06,0.16
435,Agent_435,Bangalore,2020-10-19,0.14
436,Agent_436,Bangalore,2020-12-15,0.17
437,Agent_437,Delhi,2021-02-01,0.09
438,Agent_438,Mumbai,2018-06-24,0.2
439,Agent_439,Bangalore,2023-06-20,0.05
440,Agent_440,Bangalore,2020-08-18,0.15
441,Agent_441,Pune,2018-11-18,0.06
442,Agent_442,Mumbai,2020-12-27,0.18
443,Agent_443,Bangalore,2022-03-29,0.2
444,Agent_444,Bangalore,2020-03-08,0.11
445,Agent_445,Pune,2019-05-07,0.18
446,Agent_446,Delhi,2018-11-28,0.1
447,Agent_447,Mumbai,2022-08-24,0.07
448,Agent_448,Mumbai,2022-08-29,0.09
449,Agent_449,Pune,2021-08-15,0.1
450,Agent_450,Mumbai,2020-05-29,0.14
451,Agent_451,Bangalore,2020-05-15,0.17
452,Agent_452,Mumbai,2020-02-10,0.08
453,Agent_453,Pune,2020-12-02,0.06
454,Agent_454,Delhi,2020-04-20,0.08
455,Agent_455,Pune,2018-07-18,0.09
456,Agent_456,Mumbai,2022-07-26,0.09
457,Agent_457,Pune,2021-01-20,0.08
458,Agent_458,Pune,2019-05-05,0.12
459,Agent_459,Mumbai,2019-06-28,0.18
460,Agent_460,Delhi,2022-11-28,0.07
461,Agent_461,Bangalore,2023-04-17,0.18
462,Agent_462,Pune,2018-02-05,0.12
463,Agent_463,Delhi,2021-07-29,0.15
464,Agent_464,Delhi,2021-05-13,0.17
465,Agent_465,Pune,2022-08-13,0.1
466,Agent_466,Mumbai,2020-05-05,0.19
467,Agent_467,Mumbai,2019-10-13,0.06
468,Agent_468,Pune,2020-03-03,0.13
469,Agent_469,Mumbai,2020-04-26,0.09
470,Agent_470,Mumbai,2018-06-22,0.11
471,Agent_471,Delhi,2022-08-27,0.12
472,Agent_472,Bangalore,2019-09-06,0.19
473,Agent_473,Bangalore,2018-10-17,0.12
474,Agent_474,Mumbai,2021-12-12,0.15
475,Agent_475,Mumbai,2018-10-15,0.19
476,Agent_476,Pune,2021-01-30,0.12
477,Agent_477,Mumbai,2019-10-27,0.11
478,Agent_478,Pune,2019-03-27,0.2
479,Agent_479,Bangalore,2023-06-02,0.17
480,Agent_480,Delhi,2018-05-01,0.19
481,Agent_481,Pune,2020-12-16,0.11
482,Agent_482,Delhi,2018-04-17,0.15
483,Agent_483,Bangalore,2018-08-27,0.09
484,Agent_484,Delhi,2021-12-07,0.18
485,Agent_485,Bangalore,2018-01-21,0.19
486,Agent_486,Delhi,2022-05-28,0.09
487,Agent_487,Delhi,2020-05-02,0.07
488,Agent_488,Mumbai,2022-04-06,0.08
489,Agent_489,Bangalore,2020-08-24,0.14
490,Agent_490,Pune,2020-07-31,0.09
491,Agent_491,Bangalore,2021-12-10,0.15
492,Agent_492,Mumbai,2023-04-26,0.1
493,Agent_493,Pune,2021-08-14,0.19
494,Agent_494,Mumbai,2018-01-11,0.12
495,Agent_495,Bangalore,2020-10-11,0.12
496,Agent_496,Bangalore,2022-05-13,0.1
497,Agent_497,Mumbai,2018-12-20,0.06
498,Agent_498,Pune,2023-06-21,0.12
499,Agent_499,Bangalore,2022-11-11,0.17
500,Agent_500,Mumbai,2023-01-07,0.19
501,Agent_501,Bangalore,2018-03-27,0.06
502,Agent_502,Mumbai,2023-04-29,0.17
503,Agent_503,Bangalore,2019-10-18,0.09
504,Agent_504,Bangalore,2021-06-02,0.17
505,Agent_505,Delhi,2021-05-02,0.1
506,Agent_506,Pune,2021-01-31,0.07
507,Agent_507,Bangalore,2020-05-25,0.14
508,Agent_508,Pune,2020-10-06,0.18
509,Agent_509,Mumbai,2023-02-05,0.08
510,Agent_510,Delhi,2019-11-05,0.05
511,Agent_511,Mumbai,2018-10-29,0.18
512,Agent_512,Pune,2020-12-07,0.15
513,Agent_513,Mumbai,2020-01-16,0.17
514,Agent_514,Mumbai,2021-08-09,0.06
515,Agent_515,Mumbai,2020-11-11,0.18
516,Agent_516,Pune,2023-02-15,0.11
517,Agent_517,Bangalore,2019-10-09,0.18
518,Agent_518,Mumbai,2018-06-24,0.06
519,Agent_519,Pune,2021-09-18,0.18
520,Agent_520,Delhi,2023-03-20,0.15
521,Agent_521,Delhi,2022-11-13,0.13
522,Agent_522,Pune,2018-01-17,0.06
523,Agent_523,Mumbai,2022-11-30,0.15
524,Agent_524,Bangalore,2019-01-31,0.14
525,Agent_525,Delhi,2019-12-11,0.16
526,Agent_526,Bangalore,2021-01-04,0.16
527,Agent_527,Pune,2018-07-22,0.12
528,Agent_528,Delhi,2018-08-21,0.08
529,Agent_529,Mumbai,2020-02-26,0.19
530,Agent_530,Delhi,2020-10-16,0.19
531,Agent_531,Mumbai,2019-11-02,0.08
532,Agent_532,Bangalore,2021-02-12,0.14
533,Agent_533,Delhi,2020-02-09,0.08
534,Agent_534,Pune,2022-11-08,0.18
535,Agent_535,Delhi,2018-04-06,0.06
536,Agent_536,Mumbai,2019-10-02,0.2
537,Agent_537,Bangalore,2018-10-01,0.14
538,Agent_538,Pune,2020-04-02,0.05
539,Agent_539,Mumbai,2022-12-01,0.18
540,Agent_540,Mumbai,2023-04-26,0.15
541,Agent_541,Pune,2021-10-31,0.15
542,Agent_542,Pune,2021-09-19,0.09
543,Agent_543,Bangalore,2019-08-13,0.1
544,Agent_544,Mumbai,2018-12-15,0.19
545,Agent_545,Mumbai,2022-03-03,0.15
546,Agent_546,Bangalore,2020-03-12,0.05
547,Agent_547,Delhi,2018-06-25,0.1
548,Agent_548,Pune,2022-07-21,0.14
549,Agent_549,Bangalore,2022-09-30,0.07
550,Agent_550,Pune,2018-12-29,0.06
551,Agent_551,Bangalore,2022-10-06,0.06
552,Agent_552,Bangalore,2023-04-28,0.14
553,Agent_553,Mumbai,2018-02-14,0.1
554,Agent_554,Pune,2021-11-03,0.11
555,Agent_555,Bangalore,2023-02-28,0.06
556,Agent_556,Mumbai,2020-06-24,0.16
557,Agent_557,Bangalore,2019-03-06,0.17
558,Agent_558,Pune,2019-11-07,0.17
559,Agent_559,Bangalore,2022-06-22,0.15
560,Agent_560,Mumbai,2021-08-23,0.17
561,Agent_561,Mumbai,2020-07-16,0.14
562,Agent_562,Delhi,2019-02-20,0.12
563,Agent_563,Pune,2021-06-20,0.09
564,Agent_564,Delhi,2022-08-06,0.06
565,Agent_565,Mumbai,2018-05-17,0.09
566,Agent_566,Delhi,2020-12-17,0.15
567,Agent_567,Pune,2020-07-20,0.19
568,Agent_568,Mumbai,2023-04-26,0.09
569,Agent_569,Delhi,2020-02-20,0.15
570,Agent_570,Delhi,2018-06-18,0.12
571,Agent_571,Mumbai,2019-09-12,0.14
572,Agent_572,Bangalore,2019-04-07,0.05
573,Agent_573,Mumbai,2019-02-14,0.07
574,Agent_574,Delhi,2023-03-27,0.08
575,Agent_575,Pune,2021-11-08,0.18
576,Agent_576,Delhi,2022-01-08,0.06
577,Agent_577,Mumbai,2019-07-10,0.14
578,Agent_578,Delhi,2019-04-18,0.19
579,Agent_579,Mumbai,2019-08-21,0.15
580,Agent_580,Delhi,2020-03-08,0.12
581,Agent_581,Delhi,2019-08-12,0.11
582,Agent_582,Bangalore,2021-06-19,0.14
583,Agent_583,Mumbai,2018-08-12,0.12
584,Agent_584,Bangalore,2023-05-11,0.16
585,Agent_585,Bangalore,2020-04-05,0.14
586,Agent_586,Delhi,2023-02-18,0.14
587,Agent_587,Mumbai,2022-08-26,0.19
588,Agent_588,Pune,2018-05-02,0.18
589,Agent_589,Delhi,2022-03-12,0.14
590,Agent_590,Mumbai,2022-09-09,0.13
591,Agent_591,Bangalore,2022-09-19,0.16
592,Agent_592,Delhi,2018-09-01,0.17
593,Agent_593,Pune,2018-08-09,0.09
594,Agent_594,Delhi,2021-03-04,0.15
595,Agent_595,Bangalore,2018-02-04,0.07
596,Agent_596,Bangalore,2021-04-05,0.11
597,Agent_597,Mumbai,2021-07-09,0.19
598,Agent_598,Pune,2021-09-19,0.1
599,Agent_599,Delhi,2020-01-02,0.07
600,Agent_600,Bangalore,2020-12-24,0.07
601,Agent_601,Mumbai,2021-02-07,0.11
602,Agent_602,Pune,2020-05-02,0.08
603,Agent_603,Pune,2019-02-15,0.11
604,Agent_604,Mumbai,2020-09-08,0.16
605,Agent_605,Bangalore,2021-11-19,0.18
606,Agent_606,Pune,2018-01-09,0.07
607,Agent_607,Delhi,2020-06-24,0.17
608,Agent_608,Bangalore,2021-04-20,0.07
609,Agent_609,Bangalore,2020-12-02,0.11
610,Agent_610,Mumbai,2022-07-14,0.2
611,Agent_611,Pune,2021-08-22,0.06
612,Agent_612,Mumbai,2018-04-23,0.05
613,Agent_613,Pune,2020-07-30,0.1
614,Agent_614,Mumbai,2021-09-04,0.19
615,Agent_615,Bangalore,2021-12-27,0.05
616,Agent_616,Mumbai,2020-02-05,0.08
617,Agent_617,Bangalore,2018-08-19,0.14
618,Agent_618,Bangalore,2020-09-17,0.09
619,Agent_619,Mumbai,2022-02-12,0.06
620,Agent_620,Pune,2021-12-09,0.06
621,Agent_621,Bangalore,2020-08-16,0.13
622,Agent_622,Mumbai,2021-03-05,0.13
623,Agent_623,Bangalore,2019-05-27,0.16
624,Agent_624,Bangalore,2019-11-11,0.07
625,Agent_625,Mumbai,2020-08-13,0.12
626,Agent_626,Bangalore,2022-09-11,0.14
627,Agent_627,Bangalore,2023-04-09,0.08
628,Agent_628,Mumbai,2019-02-19,0.13
629,Agent_629,Delhi,2023-04-11,0.16
630,Agent_630,Mumbai,2022-11-25,0.2
631,Agent_631,Pune,2020-07-29,0.14
632,Agent_632,Delhi,2018-02-16,0.18
633,Agent_633,Bangalore,2021-03-11,0.18
634,Agent_634,Pune,2022-12-22,0.19
635,Agent_635,Delhi,2021-01-13,0.16
636,Agent_636,Mumbai,2019-03-07,0.08
637,Agent_637,Bangalore,2018-04-03,0.09
638,Agent_638,Delhi,2021-12-24,0.17
639,Agent_639,Mumbai,2021-12-23,0.13
640,Agent_640,Delhi,2018-06-08,0.09
641,Agent_641,Mumbai,2022-05-07,0.15
642,Agent_642,Pune,2020-06-13,0.19
643,Agent_643,Pune,2022-12-01,0.1
644,Agent_644,Bangalore,2018-04-28,0.14
645,Agent_645,Mumbai,2022-05-01,0.14
646,Agent_646,Delhi,2018-06-06,0.07
647,Agent_647,Bangalore,2021-12-27,0.06
648,Agent_648,Bangalore,2021-05-01,0.18
649,Agent_649,Mumbai,2022-06-20,0.19
650,Agent_650,Pune,2018-09-14,0.19
651,Agent_651,Bangalore,2023-02-03,0.11
652,Agent_652,Delhi,2019-04-13,0.09
653,Agent_653,Bangalore,2019-11-30,0.19
654,Agent_654,Mumbai,2021-06-09,0.18
655,Agent_655,Pune,2020-02-05,0.17
656,Agent_656,Mumbai,2019-02-25,0.1
657,Agent_657,Bangalore,2021-01-06,0.15
658,Agent_658,Delhi,2019-01-13,0.16
659,Agent_659,Bangalore,2022-09-12,0.14
660,Agent_660,Bangalore,2021-06-25,0.14
661,Agent_661,Pune,2019-01-10,0.16
662,Agent_662,Mumbai,2023-02-13,0.17
663,Agent_663,Pune,2022-11-17,0.09
664,Agent_664,Bangalore,2019-05-27,0.11
665,Agent_665,Delhi,2019-10-04,0.17
666,Agent_666,Delhi,2020-11-10,0.09
667,Agent_667,Pune,2020-03-07,0.19
668,Agent_668,Delhi,2021-01-04,0.18
669,Agent_669,Delhi,2021-09-23,0.18
670,Agent_670,Delhi,2019-02-26,0.09
671,Agent_671,Bangalore,2022-08-23,0.07
672,Agent_672,Delhi,2022-09-01,0.07
673,Agent_673,Pune,2020-02-29,0.13
674,Agent_674,Delhi,2019-04-29,0.1
675,Agent_675,Bangalore,2019-03-02,0.09
676,Agent_676,Bangalore,2018-05-20,0.08
677,Agent_677,Delhi,2021-08-29,0.13
678,Agent_678,Pune,2019-04-14,0.13
679,Agent_679,Delhi,2019-06-04,0.11
680,Agent_680,Mumbai,2021-03-25,0.07
681,Agent_681,Pune,2020-04-04,0.19
682,Agent_682,Pune,2021-04-19,0.11
683,Agent_683,Pune,2022-10-16,0.07
684,Agent_684,Pune,2023-06-23,0.06
685,Agent_685,Pune,2018-07-23,0.07
686,Agent_686,Delhi,2020-01-23,0.09
687,Agent_687,Delhi,2022-04-02,0.14
688,Agent_688,Pune,2021-07-24,0.2
689,Agent_689,Pune,2019-07-17,0.09
690,Agent_690,Mumbai,2020-06-21,0.17
691,Agent_691,Bangalore,2023-06-04,0.19
692,Agent_692,Bangalore,2019-12-25,0.11
693,Agent_693,Pune,2020-09-22,0.09
694,Agent_694,Pune,2020-10-08,0.12
695,Agent_695,Bangalore,2022-05-09,0.18
696,Agent_696,Delhi,2019-03-01,0.05
697,Agent_697,Mumbai,2023-01-26,0.12
698,Agent_698,Mumbai,2022-04-29,0.16
699,Agent_699,Pune,2021-09-18,0.14
700,Agent_700,Delhi,2022-11-04,0.12
701,Agent_701,Delhi,2020-11-18,0.13
702,Agent_702,Delhi,2022-09-03,0.14
703,Agent_703,Delhi,2020-07-21,0.15
704,Agent_704,Pune,2018-03-02,0.1
705,Agent_705,Bangalore,2023-06-02,0.13
706,Agent_706,Pune,2020-12-20,0.09
707,Agent_707,Mumbai,2020-04-19,0.2
708,Agent_708,Mumbai,2020-11-09,0.08
709,Agent_709,Pune,2020-07-28,0.07
710,Agent_710,Mumbai,2018-02-25,0.09
711,Agent_711,Bangalore,2019-11-19,0.19
712,Agent_712,Bangalore,2021-09-15,0.15
713,Agent_713,Pune,2020-06-29,0.12
714,Agent_714,Mumbai,2020-01-31,0.19
715,Agent_715,Bangalore,2018-07-23,0.19
716,Agent_716,Bangalore,2022-01-03,0.11
717,Agent_717,Mumbai,2021-04-22,0.13
718,Agent_718,Delhi,2020-12-05,0.19
719,Agent_719,Mumbai,2019-03-17,0.1
720,Agent_720,Pune,2020-12-04,0.11
721,Agent_721,Delhi,2022-01-27,0.17
722,Agent_722,Pune,2019-07-08,0.15
723,Agent_723,Bangalore,2022-01-09,0.06
724,Agent_724,Delhi,2018-01-08,0.07
725,Agent_725,Pune,2023-02-19,0.18
726,Agent_726,Pune,2018-01-14,0.05
727,Agent_727,Pune,2018-08-17,0.19
728,Agent_728,Delhi,2020-03-04,0.09
729,Agent_729,Pune,2018-04-12,0.14
730,Agent_730,Delhi,2019-05-16,0.13
731,Agent_731,Delhi,2021-08-13,0.11
732,Agent_732,Pune,2022-11-08,0.05
733,Agent_733,Bangalore,2020-11-18,0.08
734,Agent_734,Mumbai,2019-12-04,0.14
735,Agent_735,Mumbai,2022-12-10,0.12
736,Agent_736,Delhi,2018-12-20,0.11
737,Agent_737,Pune,2020-09-08,0.06
738,Agent_738,Mumbai,2022-02-06,0.1
739,Agent_739,Mumbai,2019-03-19,0.13
740,Agent_740,Pune,2018-10-30,0.06
741,Agent_741,Mumbai,2021-05-24,0.06
742,Agent_742,Pune,2020-01-30,0.12
743,Agent_743,Mumbai,2022-12-18,0.13
744,Agent_744,Bangalore,2021-10-06,0.09
745,Agent_745,Pune,2019-06-08,0.1
746,Agent_746,Mumbai,2022-06-30,0.17
747,Agent_747,Delhi,2020-11-13,0.18
748,Agent_748,Pune,2022-12-18,0.1
749,Agent_749,Mumbai,2019-05-31,0.1
750,Agent_750,Bangalore,2022-12-22,0.17
751,Agent_751,Mumbai,2018-01-08,0.2
752,Agent_752,Delhi,2019-11-07,0.1
753,Agent_753,Pune,2022-12-31,0.17
754,Agent_754,Bangalore,2021-02-11,0.12
755,Agent_755,Mumbai,2019-07-16,0.09
756,Agent_756,Delhi,2018-08-26,0.15
757,Agent_757,Delhi,2023-02-26,0.12
758,Agent_758,Delhi,2020-03-06,0.09
759,Agent_759,Mumbai,2020-12-21,0.07
760,Agent_760,Bangalore,2020-05-10,0.18
761,Agent_761,Mumbai,2021-02-24,0.18
762,Agent_762,Bangalore,2020-01-03,0.06
763,Agent_763,Pune,2022-10-04,0.15
764,Agent_764,Bangalore,2021-08-16,0.07
765,Agent_765,Delhi,2018-06-09,0.15
766,Agent_766,Delhi,2022-03-24,0.19
767,Agent_767,Delhi,2022-01-01,0.09
768,Agent_768,Mumbai,2021-11-25,0.1
769,Agent_769,Pune,2020-06-26,0.17
770,Agent_770,Bangalore,2022-07-19,0.16
771,Agent_771,Delhi,2019-08-25,0.11
772,Agent_772,Pune,2021-06-21,0.18
773,Agent_773,Pune,2021-05-03,0.19
774,Agent_774,Mumbai,2019-09-10,0.12
775,Agent_775,Bangalore,2022-01-22,0.06
776,Agent_776,Pune,2021-05-14,0.13
777,Agent_777,Bangalore,2018-03-12,0.16
778,Agent_778,Mumbai,2020-07-10,0.08
779,Agent_779,Bangalore,2020-05-18,0.06
780,Agent_780,Mumbai,2021-12-11,0.09
781,Agent_781,Delhi,2021-12-22,0.05
782,Agent_782,Bangalore,2022-02-28,0.16
783,Agent_783,Mumbai,2018-02-01,0.07
784,Agent_784,Pune,2022-08-29,0.16
785,Agent_785,Delhi,2021-05-20,0.09
786,Agent_786,Pune,2022-03-26,0.2
787,Agent_787,Delhi,2020-04-26,0.13
788,Agent_788,Delhi,2019-04-08,0.06
789,Agent_789,Bangalore,2019-12-11,0.17
790,Agent_790,Pune,2018-09-04,0.11
791,Agent_791,Pune,2022-10-19,0.14
792,Agent_792,Delhi,2018-05-09,0.19
793,Agent_793,Delhi,2022-09-30,0.13
794,Agent_794,Delhi,2018-11-29,0.17
795,Agent_795,Mumbai,2021-01-03,0.1
796,Agent_796,Bangalore,2020-09-10,0.16
797,Agent_797,Delhi,2021-01-18,0.06
798,Agent_798,Bangalore,2020-03-03,0.18
799,Agent_799,Delhi,2018-02-21,0.08
800,Agent_800,Mumbai,2020-03-30,0.1
801,Agent_801,Delhi,2020-11-01,0.19
802,Agent_802,Bangalore,2018-02-15,0.07
803,Agent_803,Delhi,2022-07-31,0.09
804,Agent_804,Bangalore,2023-01-11,0.14
805,Agent_805,Pune,2021-08-08,0.2
806,Agent_806,Bangalore,2018-05-17,0.15
807,Agent_807,Mumbai,2021-01-25,0.07
808,Agent_808,Delhi,2020-07-24,0.16
809,Agent_809,Pune,2018-06-11,0.11
810,Agent_810,Bangalore,2021-01-16,0.2
811,Agent_811,Pune,2020-12-12,0.14
812,Agent_812,Mumbai,2018-04-19,0.13
813,Agent_813,Pune,2018-02-14,0.13
814,Agent_814,Pune,2023-04-02,0.15
815,Agent_815,Bangalore,2020-05-14,0.16
816,Agent_816,Mumbai,2021-03-30,0.06
817,Agent_817,Delhi,2021-08-01,0.07
818,Agent_818,Delhi,2023-05-12,0.1
819,Agent_819,Delhi,2023-01-14,0.12
820,Agent_820,Delhi,2020-08-30,0.1
821,Agent_821,Delhi,2022-06-06,0.08
822,Agent_822,Pune,2020-04-06,0.19
823,Agent_823,Delhi,2018-11-14,0.05
824,Agent_824,Pune,2020-02-06,0.19
825,Agent_825,Bangalore,2021-08-07,0.19
826,Agent_826,Bangalore,2019-03-07,0.15
827,Agent_827,Mumbai,2023-01-25,0.05
828,Agent_828,Delhi,2019-11-30,0.08
829,Agent_829,Pune,2019-01-21,0.2
830,Agent_830,Delhi,2022-06-13,0.19
831,Agent_831,Pune,2020-10-14,0.19
832,Agent_832,Bangalore,2020-08-13,0.2
833,Agent_833,Mumbai,2020-06-20,0.06
834,Agent_834,Mumbai,2019-06-21,0.14
835,Agent_835,Mumbai,2018-02-22,0.18
836,Agent_836,Delhi,2020-09-06,0.1
837,Agent_837,Pune,2019-01-15,0.12
838,Agent_838,Delhi,2022-06-02,0.09
839,Agent_839,Mumbai,2018-04-24,0.06
840,Agent_840,Delhi,2023-04-08,0.06
841,Agent_841,Delhi,2020-08-25,0.05
842,Agent_842,Delhi,2020-09-20,0.13
843,Agent_843,Delhi,2020-05-09,0.14
844,Agent_844,Pune,2021-08-28,0.1
845,Agent_845,Pune,2018-09-15,0.17
846,Agent_846,Mumbai,2018-05-25,0.18
847,Agent_847,Mumbai,2022-09-28,0.07
848,Agent_848,Bangalore,2019-05-18,0.06
849,Agent_849,Pune,2023-01-14,0.1
850,Agent_850,Delhi,2020-09-20,0.16
851,Agent_851,Pune,2020-07-11,0.13
852,Agent_852,Delhi,2020-05-09,0.12
853,Agent_853,Delhi,2019-09-06,0.07
854,Agent_854,Bangalore,2021-08-06,0.1
855,Agent_855,Bangalore,2021-10-07,0.19
856,Agent_856,Bangalore,2022-09-01,0.1
857,Agent_857,Bangalore,2022-06-19,0.14
858,Agent_858,Delhi,2020-02-13,0.06
859,Agent_859,Delhi,2018-09-19,0.06
860,Agent_860,Pune,2019-06-24,0.11
861,Agent_861,Delhi,2021-03-05,0.14
862,Agent_862,Pune,2022-07-23,0.11
863,Agent_863,Pune,2021-09-21,0.08
864,Agent_864,Bangalore,2019-05-05,0.16
865,Agent_865,Pune,2021-07-21,0.07
866,Agent_866,Mumbai,2018-08-10,0.15
867,Agent_867,Mumbai,2021-09-21,0.19
868,Agent_868,Delhi,2020-09-19,0.12
869,Agent_869,Mumbai,2021-02-20,0.08
870,Agent_870,Bangalore,2022-06-16,0.18
871,Agent_871,Bangalore,2020-07-31,0.13
872,Agent_872,Pune,2020-09-02,0.19
873,Agent_873,Delhi,2022-03-27,0.16
874,Agent_874,Mumbai,2022-03-22,0.11
875,Agent_875,Delhi,2023-04-18,0.14
876,Agent_876,Pune,2023-03-19,0.08
877,Agent_877,Bangalore,2022-10-30,0.11
878,Agent_878,Pune,2022-04-07,0.14
879,Agent_879,Mumbai,2018-08-03,0.14
880,Agent_880,Bangalore,2019-02-19,0.14
881,Agent_881,Mumbai,2022-12-25,0.16
882,Agent_882,Delhi,2021-11-27,0.07
883,Agent_883,Bangalore,2019-09-19,0.06
884,Agent_884,Delhi,2019-12-27,0.07
885,Agent_885,Bangalore,2019-01-20,0.17
886,Agent_886,Mumbai,2023-06-10,0.06
887,Agent_887,Mumbai,2023-06-15,0.08
888,Agent_888,Pune,2019-10-15,0.09
889,Agent_889,Pune,2019-11-22,0.15
890,Agent_890,Bangalore,2019-05-28,0.11
891,Agent_891,Bangalore,2022-04-14,0.08
892,Agent_892,Bangalore,2019-02-01,0.12
893,Agent_893,Pune,2020-03-20,0.15
894,Agent_894,Mumbai,2018-10-12,0.17
895,Agent_895,Delhi,2020-05-11,0.07
896,Agent_896,Delhi,2019-02-04,0.16
897,Agent_897,Bangalore,2023-01-26,0.05
898,Agent_898,Delhi,2021-02-02,0.16
899,Agent_899,Delhi,2019-11-05,0.15
900,Agent_900,Delhi,2019-05-18,0.12
901,Agent_901,Pune,2018-02-09,0.07
902,Agent_902,Pune,2020-08-20,0.16
903,Agent_903,Delhi,2018-12-15,0.06
904,Agent_904,Mumbai,2018-08-10,0.18
905,Agent_905,Mumbai,2020-08-08,0.17
906,Agent_906,Pune,2022-01-05,0.16
907,Agent_907,Mumbai,2022-05-07,0.16
908,Agent_908,Bangalore,2018-03-05,0.06
909,Agent_909,Bangalore,2020-10-24,0.2
910,Agent_910,Mumbai,2023-05-22,0.18
911,Agent_911,Delhi,2022-01-19,0.13
912,Agent_912,Mumbai,2020-05-28,0.16
913,Agent_913,Delhi,2020-10-04,0.16
914,Agent_914,Delhi,2020-11-07,0.17
915,Agent_915,Mumbai,2020-10-20,0.09
916,Agent_916,Bangalore,2021-09-27,0.11
917,Agent_917,Delhi,2020-10-30,0.17
918,Agent_918,Delhi,2023-03-22,0.17
919,Agent_919,Pune,2020-02-21,0.13
920,Agent_920,Mumbai,2020-08-04,0.11
921,Agent_921,Pune,2021-10-29,0.2
922,Agent_922,Delhi,2021-10-21,0.11
923,Agent_923,Delhi,2018-12-17,0.16
924,Agent_924,Pune,2018-04-09,0.11
925,Agent_925,Mumbai,2023-01-12,0.1
926,Agent_926,Pune,2022-09-26,0.15
927,Agent_927,Pune,2020-04-08,0.17
928,Agent_928,Delhi,2020-06-16,0.2
929,Agent_929,Bangalore,2021-12-13,0.07
930,Agent_930,Bangalore,2020-11-23,0.18
931,Agent_931,Bangalore,2018-12-15,0.13
932,Agent_932,Mumbai,2023-02-05,0.07
933,Agent_933,Pune,2022-01-15,0.17
934,Agent_934,Mumbai,2019-07-31,0.1
935,Agent_935,Bangalore,2022-08-26,0.18
936,Agent_936,Mumbai,2018-06-25,0.07
937,Agent_937,Mumbai,2018-02-16,0.16
938,Agent_938,Mumbai,2021-05-26,0.1
939,Agent_939,Bangalore,2021-05-29,0.09
940,Agent_940,Mumbai,2020-10-31,0.06
941,Agent_941,Mumbai,2018-07-09,0.12
942,Agent_942,Bangalore,2023-03-22,0.11
943,Agent_943,Bangalore,2020-06-18,0.06
944,Agent_944,Mumbai,2018-03-27,0.08
945,Agent_945,Pune,2019-06-29,0.12
946,Agent_946,Mumbai,2023-05-08,0.17
947,Agent_947,Delhi,2019-08-30,0.19
948,Agent_948,Bangalore,2018-11-26,0.13
949,Agent_949,Pune,2019-02-23,0.11
950,Agent_950,Delhi,2021-04-19,0.19
951,Agent_951,Delhi,2020-10-15,0.19
952,Agent_952,Delhi,2021-07-31,0.08
953,Agent_953,Pune,2019-06-19,0.13
954,Agent_954,Delhi,2020-12-08,0.17
955,Agent_955,Bangalore,2020-04-23,0.17
956,Agent_956,Pune,2020-01-03,0.15
957,Agent_957,Bangalore,2020-10-22,0.12
958,Agent_958,Pune,2022-06-01,0.11
959,Agent_959,Bangalore,2020-05-17,0.17
960,Agent_960,Pune,2022-07-05,0.08
961,Agent_961,Delhi,2018-06-03,0.11
962,Agent_962,Bangalore,2018-05-25,0.14
963,Agent_963,Bangalore,2021-08-15,0.17
964,Agent_964,Bangalore,2022-06-21,0.11
965,Agent_965,Mumbai,2021-08-31,0.13
966,Agent_966,Delhi,2023-03-28,0.09
967,Agent_967,Bangalore,2019-12-27,0.18
968,Agent_968,Bangalore,2023-02-01,0.17
969,Agent_969,Pune,2022-05-29,0.17
970,Agent_970,Delhi,2020-03-17,0.06
971,Agent_971,Delhi,2019-06-22,0.12
972,Agent_972,Bangalore,2022-10-24,0.07
973,Agent_973,Mumbai,2020-07-06,0.15
974,Agent_974,Bangalore,2019-12-16,0.1
975,Agent_975,Mumbai,2022-12-19,0.17
976,Agent_976,Delhi,2018-12-10,0.06
977,Agent_977,Delhi,2020-08-11,0.13
978,Agent_978,Mumbai,2020-11-18,0.07
979,Agent_979,Delhi,2021-02-12,0.13
980,Agent_980,Pune,2021-07-13,0.14
981,Agent_981,Mumbai,2019-04-27,0.12
982,Agent_982,Pune,2021-02-07,0.09
983,Agent_983,Bangalore,2022-08-16,0.05
984,Agent_984,Bangalore,2019-02-09,0.15
985,Agent_985,Pune,2023-06-04,0.18
986,Agent_986,Delhi,2022-07-12,0.16
987,Agent_987,Pune,2022-07-17,0.18
988,Agent_988,Delhi,2023-05-13,0.19
989,Agent_989,Pune,2019-12-18,0.12
990,Agent_990,Pune,2023-02-01,0.15
991,Agent_991,Delhi,2020-02-02,0.11
992,Agent_992,Pune,2021-03-03,0.19
993,Agent_993,Mumbai,2021-06-29,0.13
994,Agent_994,Delhi,2019-05-28,0.16
995,Agent_995,Bangalore,2022-03-09,0.05
996,Agent_996,Bangalore,2018-10-11,0.14
997,Agent_997,Pune,2019-12-27,0.16
998,Agent_998,Bangalore,2023-04-15,0.09
999,Agent_999,Mumbai,2023-05-13,0.05
1000,Agent_1000,Bangalore,2018-05-04,0.16
1001,Agent_1001,Bangalore,2021-05-05,0.1
1002,Agent_1002,Delhi,2021-11-26,0.11
1003,Agent_1003,Pune,2022-04-05,0.13
1004,Agent_1004,Bangalore,2021-09-17,0.07
1005,Agent_1005,Pune,2022-02-01,0.07
1006,Agent_1006,Delhi,2023-02-26,0.19
1007,Agent_1007,Bangalore,2018-11-10,0.1
1008,Agent_1008,Bangalore,2023-05-24,0.09
1009,Agent_1009,Delhi,2022-09-01,0.06
1010,Agent_1010,Delhi,2019-09-02,0.08
1011,Agent_1011,Bangalore,2022-08-09,0.11
1012,Agent_1012,Mumbai,2022-08-25,0.1
1013,Agent_1013,Pune,2018-03-07,0.11
1014,Agent_1014,Pune,2018-09-02,0.16
1015,Agent_1015,Pune,2020-08-31,0.15
1016,Agent_1016,Mumbai,2018-12-25,0.12
1017,Agent_1017,Pune,2021-09-06,0.17
1018,Agent_1018,Delhi,2018-05-06,0.18
1019,Agent_1019,Delhi,2020-01-02,0.14
1020,Agent_1020,Bangalore,2021-10-16,0.07
1021,Agent_1021,Mumbai,2018-10-10,0.11
1022,Agent_1022,Mumbai,2018-01-30,0.15
1023,Agent_1023,Bangalore,2022-06-10,0.06
1024,Agent_1024,Mumbai,2018-11-28,0.05
1025,Agent_1025,Pune,2020-02-07,0.19
1026,Agent_1026,Bangalore,2019-01-20,0.16
1027,Agent_1027,Pune,2021-06-02,0.07
1028,Agent_1028,Pune,2021-08-13,0.12
1029,Agent_1029,Bangalore,2021-06-17,0.08
1030,Agent_1030,Delhi,2020-10-13,0.05
1031,Agent_1031,Bangalore,2019-01-04,0.11
1032,Agent_1032,Mumbai,2020-08-15,0.15
1033,Agent_1033,Pune,2020-02-08,0.19
1034,Agent_1034,Pune,2019-10-07,0.17
1035,Agent_1035,Mumbai,2020-08-01,0.08
1036,Agent_1036,Bangalore,2022-07-27,0.1
1037,Agent_1037,Delhi,2020-12-30,0.13
1038,Agent_1038,Mumbai,2023-02-19,0.08
1039,Agent_1039,Delhi,2018-10-09,0.17
1040,Agent_1040,Pune,2018-11-01,0.08
1041,Agent_1041,Bangalore,2023-02-05,0.09
1042,Agent_1042,Bangalore,2022-06-14,0.14
1043,Agent_1043,Pune,2023-01-27,0.07
1044,Agent_1044,Mumbai,2018-09-16,0.14
1045,Agent_1045,Pune,2021-04-05,0.19
1046,Agent_1046,Mumbai,2022-06-02,0.15
1047,Agent_1047,Pune,2019-11-20,0.17
1048,Agent_1048,Delhi,2021-07-17,0.12
1049,Agent_1049,Bangalore,2019-06-16,0.1
1050,Agent_1050,Delhi,2022-01-05,0.1
1051,Agent_1051,Mumbai,2019-03-04,0.15
1052,Agent_1052,Mumbai,2018-05-17,0.13
1053,Agent_1053,Pune,2019-12-04,0.12
1054,Agent_1054,Delhi,2022-03-10,0.07
1055,Agent_1055,Bangalore,2022-01-09,0.15
1056,Agent_1056,Mumbai,2021-07-09,0.16
1057,Agent_1057,Pune,2019-03-26,0.08
1058,Agent_1058,Bangalore,2022-06-26,0.16
1059,Agent_1059,Pune,2018-04-15,0.18
1060,Agent_1060,Mumbai,2018-10-26,0.08
1061,Agent_1061,Bangalore,2020-04-11,0.12
1062,Agent_1062,Pune,2018-04-07,0.18
1063,Agent_1063,Mumbai,2020-03-22,0.12
1064,Agent_1064,Pune,2018-01-05,0.17
1065,Agent_1065,Pune,2021-03-10,0.08
1066,Agent_1066,Pune,2021-10-31,0.06
1067,Agent_1067,Bangalore,2022-08-06,0.06
1068,Agent_1068,Bangalore,2022-11-08,0.2
1069,Agent_1069,Mumbai,2019-05-27,0.07
1070,Agent_1070,Pune,2020-06-05,0.18
1071,Agent_1071,Bangalore,2020-07-18,0.1
1072,Agent_1072,Bangalore,2018-07-03,0.06
1073,Agent_1073,Pune,2021-05-09,0.09
1074,Agent_1074,Mumbai,2018-12-12,0.13
1075,Agent_1075,Delhi,2020-11-19,0.07
1076,Agent_1076,Pune,2020-04-03,0.19
1077,Agent_1077,Mumbai,2018-05-04,0.18
1078,Agent_1078,Delhi,2019-04-15,0.07
1079,Agent_1079,Mumbai,2020-07-09,0.16
1080,Agent_1080,Delhi,2022-02-20,0.12
1081,Agent_1081,Delhi,2018-11-20,0.2
1082,Agent_1082,Mumbai,2022-07-19,0.06
1083,Agent_1083,Bangalore,2023-01-13,0.12
1084,Agent_1084,Mumbai,2018-10-11,0.09
1085,Agent_1085,Delhi,2020-10-10,0.16
1086,Agent_1086,Pune,2021-08-09,0.07
1087,Agent_1087,Delhi,2020-04-21,0.14
1088,Agent_1088,Delhi,2018-03-14,0.19
1089,Agent_1089,Mumbai,2021-06-28,0.12
1090,Agent_1090,Delhi,2021-02-24,0.12
1091,Agent_1091,Pune,2023-01-02,0.12
1092,Agent_1092,Bangalore,2020-06-15,0.11
1093,Agent_1093,Pune,2018-08-10,0.12
1094,Agent_1094,Bangalore,2018-11-27,0.12
1095,Agent_1095,Pune,2018-06-02,0.2
1096,Agent_1096,Bangalore,2021-09-16,0.07
1097,Agent_1097,Mumbai,2018-10-24,0.09
1098,Agent_1098,Bangalore,2022-09-15,0.08
1099,Agent_1099,Mumbai,2019-08-04,0.13
1100,Agent_1100,Pune,2020-01-01,0.05
1101,Agent_1101,Delhi,2022-02-03,0.19
1102,Agent_1102,Mumbai,2020-12-16,0.13
1103,Agent_1103,Bangalore,2022-03-05,0.18
1104,Agent_1104,Mumbai,2020-10-23,0.1
1105,Agent_1105,Mumbai,2020-06-22,0.07
1106,Agent_1106,Mumbai,2023-01-14,0.08
1107,Agent_1107,Mumbai,2019-07-25,0.12
1108,Agent_1108,Delhi,2023-03-20,0.06
1109,Agent_1109,Mumbai,2020-03-14,0.17
1110,Agent_1110,Pune,2019-11-26,0.17
1111,Agent_1111,Mumbai,2019-08-14,0.16
1112,Agent_1112,Mumbai,2023-02-12,0.18
1113,Agent_1113,Delhi,2022-02-10,0.13
1114,Agent_1114,Pune,2018-06-18,0.12
1115,Agent_1115,Delhi,2021-01-02,0.13
1116,Agent_1116,Delhi,2019-07-25,0.08
1117,Agent_1117,Pune,2021-03-31,0.13
1118,Agent_1118,Pune,2022-04-15,0.13
1119,Agent_1119,Mumbai,2018-03-30,0.16
1120,Agent_1120,Pune,2021-09-03,0.1
1121,Agent_1121,Mumbai,2018-03-11,0.06
1122,Agent_1122,Delhi,2020-04-02,0.14
1123,Agent_1123,Mumbai,2022-03-04,0.17
1124,Agent_1124,Mumbai,2020-05-18,0.2
1125,Agent_1125,Pune,2019-09-04,0.06
1126,Agent_1126,Delhi,2020-09-26,0.16
1127,Agent_1127,Pune,2018-04-06,0.14
1128,Agent_1128,Delhi,2020-02-29,0.05
1129,Agent_1129,Bangalore,2021-10-30,0.16
1130,Agent_1130,Delhi,2018-12-19,0.05
1131,Agent_1131,Delhi,2020-10-11,0.17
1132,Agent_1132,Delhi,2022-04-07,0.16
1133,Agent_1133,Delhi,2020-05-17,0.15
1134,Agent_1134,Mumbai,2019-08-17,0.07
1135,Agent_1135,Pune,2021-05-28,0.19
1136,Agent_1136,Delhi,2019-02-01,0.18
1137,Agent_1137,Mumbai,2022-01-29,0.19
1138,Agent_1138,Pune,2022-12-20,0.1
1139,Agent_1139,Mumbai,2023-04-22,0.12
1140,Agent_1140,Delhi,2021-01-02,0.07
1141,Agent_1141,Pune,2019-05-14,0.06
1142,Agent_1142,Delhi,2020-12-25,0.06
1143,Agent_1143,Bangalore,2021-07-17,0.14
1144,Agent_1144,Mumbai,2021-12-10,0.1
1145,Agent_1145,Delhi,2019-05-22,0.14
1146,Agent_1146,Pune,2020-07-14,0.14
1147,Agent_1147,Pune,2018-05-27,0.19
1148,Agent_1148,Mumbai,2023-02-04,0.18
1149,Agent_1149,Bangalore,2020-02-01,0.16
1150,Agent_1150,Delhi,2019-11-19,0.17
1151,Agent_1151,Pune,2018-04-06,0.05
1152,Agent_1152,Bangalore,2020-06-08,0.05
1153,Agent_1153,Pune,2021-09-15,0.12
1154,Agent_1154,Mumbai,2019-10-07,0.15
1155,Agent_1155,Pune,2021-05-14,0.17
1156,Agent_1156,Bangalore,2023-05-13,0.12
1157,Agent_1157,Pune,2018-08-22,0.19
1158,Agent_1158,Bangalore,2019-11-14,0.17
1159,Agent_1159,Mumbai,2021-11-27,0.07
1160,Agent_1160,Mumbai,2018-11-27,0.12
1161,Agent_1161,Mumbai,2019-04-28,0.2
1162,Agent_1162,Pune,2021-04-05,0.11
1163,Agent_1163,Mumbai,2020-10-02,0.11
1164,Agent_1164,Mumbai,2023-03-09,0.09
1165,Agent_1165,Mumbai,2019-05-15,0.12
1166,Agent_1166,Bangalore,2020-04-06,0.16
1167,Agent_1167,Mumbai,2020-01-19,0.06
1168,Agent_1168,Pune,2020-01-20,0.18
1169,Agent_1169,Pune,2018-04-04,0.19
1170,Agent_1170,Mumbai,2021-04-18,0.17
1171,Agent_1171,Pune,2018-12-16,0.19
1172,Agent_1172,Mumbai,2021-06-16,0.06
1173,Agent_1173,Mumbai,2023-05-24,0.12
1174,Agent_1174,Pune,2018-07-22,0.06
1175,Agent_1175,Delhi,2018-08-02,0.18
1176,Agent_1176,Pune,2021-07-13,0.19
1177,Agent_1177,Bangalore,2018-04-17,0.09
1178,Agent_1178,Bangalore,2020-04-30,0.13
1179,Agent_1179,Delhi,2019-01-09,0.09
1180,Agent_1180,Bangalore,2021-07-18,0.11
1181,Agent_1181,Pune,2021-09-01,0.12
1182,Agent_1182,Pune,2020-11-24,0.17
1183,Agent_1183,Bangalore,2019-07-01,0.07
1184,Agent_1184,Mumbai,2020-10-21,0.07
1185,Agent_1185,Bangalore,2019-07-13,0.08
1186,Agent_1186,Delhi,2023-06-06,0.06
1187,Agent_1187,Bangalore,2021-02-06,0.15
1188,Agent_1188,Delhi,2021-02-08,0.08
1189,Agent_1189,Delhi,2021-06-22,0.12
1190,Agent_1190,Pune,2021-07-21,0.15
1191,Agent_1191,Bangalore,2020-11-15,0.12
1192,Agent_1192,Mumbai,2018-11-12,0.19
1193,Agent_1193,Delhi,2019-10-20,0.17
1194,Agent_1194,Bangalore,2018-11-15,0.09
1195,Agent_1195,Bangalore,2019-07-07,0.07
1196,Agent_1196,Pune,2019-12-23,0.18
1197,Agent_1197,Mumbai,2020-12-02,0.11
1198,Agent_1198,Mumbai,2020-01-06,0.11
1199,Agent_1199,Bangalore,2021-08-10,0.17
1200,Agent_1200,Mumbai,2021-06-27,0.05
1201,Agent_1201,Delhi,2022-08-18,0.12
1202,Agent_1202,Pune,2022-09-09,0.16
1203,Agent_1203,Bangalore,2021-08-28,0.18
1204,Agent_1204,Mumbai,2020-09-15,0.18
1205,Agent_1205,Bangalore,2019-11-20,0.12
1206,Agent_1206,Mumbai,2019-03-01,0.18
1207,Agent_1207,Delhi,2019-12-25,0.06
1208,Agent_1208,Bangalore,2021-04-26,0.1
1209,Agent_1209,Pune,2023-04-03,0.05
1210,Agent_1210,Mumbai,2018-12-21,0.07
1211,Agent_1211,Pune,2019-08-22,0.16
1212,Agent_1212,Pune,2018-11-08,0.05
1213,Agent_1213,Delhi,2022-10-06,0.13
1214,Agent_1214,Delhi,2022-01-09,0.11
1215,Agent_1215,Mumbai,2019-09-21,0.07
1216,Agent_1216,Bangalore,2022-10-29,0.15
1217,Agent_1217,Mumbai,2019-07-28,0.15
1218,Agent_1218,Mumbai,2019-09-04,0.16
1219,Agent_1219,Delhi,2022-09-02,0.16
1220,Agent_1220,Mumbai,2023-03-25,0.1
1221,Agent_1221,Mumbai,2021-03-25,0.2
1222,Agent_1222,Bangalore,2020-11-26,0.06
1223,Agent_1223,Mumbai,2020-02-27,0.15
1224,Agent_1224,Bangalore,2019-07-01,0.2
1225,Agent_1225,Mumbai,2022-01-01,0.08
1226,Agent_1226,Delhi,2021-09-12,0.09
1227,Agent_1227,Mumbai,2018-12-20,0.14
1228,Agent_1228,Bangalore,2021-07-09,0.17
1229,Agent_1229,Pune,2018-01-19,0.1
1230,Agent_1230,Bangalore,2021-10-17,0.18
1231,Agent_1231,Mumbai,2020-10-28,0.09
1232,Agent_1232,Mumbai,2021-12-26,0.18
1233,Agent_1233,Mumbai,2022-02-10,0.09
1234,Agent_1234,Bangalore,2022-01-13,0.14
1235,Agent_1235,Bangalore,2020-02-23,0.1
1236,Agent_1236,Delhi,2021-10-28,0.1
1237,Agent_1237,Mumbai,2023-03-17,0.1
1238,Agent_1238,Pune,2022-04-09,0.12
1239,Agent_1239,Bangalore,2023-04-29,0.18
1240,Agent_1240,Bangalore,2022-08-04,0.16
1241,Agent_1241,Bangalore,2021-02-16,0.12
1242,Agent_1242,Bangalore,2019-04-02,0.09
1243,Agent_1243,Pune,2020-07-14,0.18
1244,Agent_1244,Delhi,2020-10-29,0.18
1245,Agent_1245,Pune,2022-01-10,0.12
1246,Agent_1246,Pune,2021-04-06,0.15
1247,Agent_1247,Bangalore,2022-12-04,0.11
1248,Agent_1248,Bangalore,2022-10-10,0.07
1249,Agent_1249,Mumbai,2022-12-29,0.1
1250,Agent_1250,Delhi,2020-08-14,0.15
1251,Agent_1251,Delhi,2022-05-15,0.17
1252,Agent_1252,Delhi,2023-02-28,0.18
1253,Agent_1253,Mumbai,2021-10-18,0.05
1254,Agent_1254,Delhi,2022-05-06,0.12
1255,Agent_1255,Pune,2019-07-06,0.09
1256,Agent_1256,Bangalore,2023-03-22,0.15
1257,Agent_1257,Pune,2020-04-26,0.09
1258,Agent_1258,Pune,2018-09-24,0.13
1259,Agent_1259,Delhi,2018-11-25,0.16
1260,Agent_1260,Bangalore,2020-11-05,0.17
1261,Agent_1261,Delhi,2018-10-08,0.09
1262,Agent_1262,Delhi,2021-12-10,0.06
1263,Agent_1263,Bangalore,2020-10-01,0.08
1264,Agent_1264,Mumbai,2022-10-04,0.14
1265,Agent_1265,Mumbai,2023-04-14,0.06
1266,Agent_1266,Mumbai,2019-04-23,0.07
1267,Agent_1267,Bangalore,2022-01-04,0.2
1268,Agent_1268,Pune,2022-06-08,0.11
1269,Agent_1269,Pune,2021-08-13,0.12
1270,Agent_1270,Bangalore,2021-11-04,0.05
1271,Agent_1271,Delhi,2020-09-20,0.14
1272,Agent_1272,Delhi,2018-03-06,0.1
1273,Agent_1273,Bangalore,2018-06-09,0.13
1274,Agent_1274,Delhi,2022-06-28,0.13
1275,Agent_1275,Delhi,2023-03-02,0.2
1276,Agent_1276,Mumbai,2021-04-14,0.09
1277,Agent_1277,Bangalore,2022-05-09,0.14
1278,Agent_1278,Mumbai,2021-02-22,0.11
1279,Agent_1279,Pune,2018-03-16,0.11
1280,Agent_1280,Pune,2022-07-16,0.06
1281,Agent_1281,Pune,2019-07-07,0.15
1282,Agent_1282,Pune,2019-05-20,0.08
1283,Agent_1283,Delhi,2021-09-24,0.12
1284,Agent_1284,Delhi,2020-05-31,0.12
1285,Agent_1285,Mumbai,2019-07-27,0.12
1286,Agent_1286,Bangalore,2021-03-04,0.11
1287,Agent_1287,Delhi,2020-08-06,0.09
1288,Agent_1288,Bangalore,2022-02-09,0.12
1289,Agent_1289,Mumbai,2020-09-28,0.06
1290,Agent_1290,Pune,2019-09-06,0.09
1291,Agent_1291,Delhi,2018-02-22,0.17
1292,Agent_1292,Pune,2018-08-16,0.18
1293,Agent_1293,Mumbai,2023-03-04,0.16
1294,Agent_1294,Bangalore,2018-04-10,0.14
1295,Agent_1295,Delhi,2020-07-10,0.17
1296,Agent_1296,Bangalore,2022-02-09,0.07
1297,Agent_1297,Bangalore,2020-04-08,0.13
1298,Agent_1298,Pune,2021-10-04,0.07
1299,Agent_1299,Delhi,2020-11-24,0.17
1300,Agent_1300,Mumbai,2018-09-16,0.13
1301,Agent_1301,Delhi,2021-10-21,0.17
1302,Agent_1302,Bangalore,2023-06-12,0.17
1303,Agent_1303,Pune,2022-02-13,0.12
1304,Agent_1304,Bangalore,2018-11-16,0.12
1305,Agent_1305,Bangalore,2018-05-19,0.05
1306,Agent_1306,Delhi,2023-04-10,0.13
1307,Agent_1307,Bangalore,2018-05-10,0.15
1308,Agent_1308,Delhi,2023-06-20,0.09
1309,Agent_1309,Delhi,2020-08-18,0.2
1310,Agent_1310,Bangalore,2020-09-13,0.2
1311,Agent_1311,Pune,2020-03-18,0.09
1312,Agent_1312,Bangalore,2021-11-07,0.16
1313,Agent_1313,Pune,2019-09-10,0.05
1314,Agent_1314,Bangalore,2020-06-29,0.15
1315,Agent_1315,Mumbai,2018-04-09,0.14
1316,Agent_1316,Mumbai,2021-12-08,0.17
1317,Agent_1317,Mumbai,2020-02-13,0.1
1318,Agent_1318,Bangalore,2020-05-15,0.18
1319,Agent_1319,Bangalore,2018-01-21,0.18
1320,Agent_1320,Pune,2022-10-26,0.15
1321,Agent_1321,Mumbai,2022-01-04,0.12
1322,Agent_1322,Delhi,2022-09-15,0.14
1323,Agent_1323,Mumbai,2020-05-01,0.16
1324,Agent_1324,Mumbai,2021-10-10,0.2
1325,Agent_1325,Delhi,2019-12-04,0.07
1326,Agent_1326,Mumbai,2023-04-13,0.1
1327,Agent_1327,Mumbai,2018-11-04,0.17
1328,Agent_1328,Pune,2023-01-03,0.11
1329,Agent_1329,Mumbai,2021-05-06,0.15
1330,Agent_1330,Delhi,2019-04-03,0.07
1331,Agent_1331,Delhi,2020-01-27,0.16
1332,Agent_1332,Mumbai,2019-06-05,0.15
1333,Agent_1333,Bangalore,2022-02-13,0.14
1334,Agent_1334,Mumbai,2019-09-27,0.16
1335,Agent_1335,Delhi,2023-04-20,0.18
1336,Agent_1336,Delhi,2020-11-21,0.17
1337,Agent_1337,Delhi,2021-10-13,0.07
1338,Agent_1338,Bangalore,2021-02-09,0.16
1339,Agent_1339,Bangalore,2019-12-25,0.12
1340,Agent_1340,Bangalore,2021-07-06,0.1
1341,Agent_1341,Mumbai,2020-06-28,0.18
1342,Agent_1342,Delhi,2018-10-04,0.13
1343,Agent_1343,Mumbai,2018-11-24,0.13
1344,Agent_1344,Mumbai,2018-04-26,0.17
1345,Agent_1345,Bangalore,2021-06-15,0.13
1346,Agent_1346,Mumbai,2022-09-07,0.18
1347,Agent_1347,Pune,2022-04-06,0.07
1348,Agent_1348,Bangalore,2021-08-14,0.17
1349,Agent_1349,Bangalore,2020-05-13,0.07
1350,Agent_1350,Delhi,2022-08-08,0.08
1351,Agent_1351,Pune,2019-07-06,0.08
1352,Agent_1352,Pune,2020-12-17,0.09
1353,Agent_1353,Pune,2021-02-12,0.16
1354,Agent_1354,Delhi,2019-01-23,0.15
1355,Agent_1355,Mumbai,2022-04-27,0.08
1356,Agent_1356,Mumbai,2023-02-22,0.09
1357,Agent_1357,Delhi,2018-11-09,0.06
1358,Agent_1358,Mumbai,2019-07-02,0.11
1359,Agent_1359,Pune,2018-09-10,0.11
1360,Agent_1360,Delhi,2020-12-11,0.07
1361,Agent_1361,Pune,2020-07-06,0.18
1362,Agent_1362,Pune,2023-02-24,0.18
1363,Agent_1363,Delhi,2022-01-15,0.07
1364,Agent_1364,Bangalore,2019-06-06,0.09
1365,Agent_1365,Delhi,2018-06-01,0.16
1366,Agent_1366,Delhi,2023-05-09,0.18
1367,Agent_1367,Bangalore,2023-03-21,0.06
1368,Agent_1368,Bangalore,2023-02-13,0.19
1369,Agent_1369,Pune,2022-08-11,0.06
1370,Agent_1370,Bangalore,2021-10-21,0.15
1371,Agent_1371,Bangalore,2022-03-13,0.05
1372,Agent_1372,Pune,2018-02-21,0.19
1373,Agent_1373,Pune,2022-11-18,0.1
1374,Agent_1374,Pune,2021-07-17,0.15
1375,Agent_1375,Pune,2020-07-23,0.08
1376,Agent_1376,Delhi,2019-08-08,0.1
1377,Agent_1377,Pune,2018-09-07,0.16
1378,Agent_1378,Delhi,2022-08-25,0.2
1379,Agent_1379,Pune,2019-08-19,0.2
1380,Agent_1380,Delhi,2020-04-14,0.17
1381,Agent_1381,Delhi,2022-01-23,0.18
1382,Agent_1382,Delhi,2019-05-14,0.2
1383,Agent_1383,Delhi,2018-04-22,0.06
1384,Agent_1384,Bangalore,2021-01-31,0.08
1385,Agent_1385,Delhi,2020-11-01,0.06
1386,Agent_1386,Bangalore,2020-03-20,0.13
1387,Agent_1387,Bangalore,2019-04-15,0.19
1388,Agent_1388,Delhi,2020-01-09,0.14
1389,Agent_1389,Pune,2021-06-09,0.13
1390,Agent_1390,Bangalore,2020-07-15,0.17
1391,Agent_1391,Delhi,2019-05-19,0.19
1392,Agent_1392,Mumbai,2022-01-18,0.15
1393,Agent_1393,Bangalore,2022-07-31,0.18
1394,Agent_1394,Pune,2020-06-12,0.08
1395,Agent_1395,Mumbai,2022-05-06,0.13
1396,Agent_1396,Bangalore,2020-11-26,0.1
1397,Agent_1397,Delhi,2021-03-19,0.1
1398,Agent_1398,Delhi,2018-05-17,0.08
1399,Agent_1399,Delhi,2019-04-09,0.18
1400,Agent_1400,Delhi,2021-02-13,0.12
1401,Agent_1401,Pune,2023-06-07,0.13
1402,Agent_1402,Pune,2022-05-18,0.09
1403,Agent_1403,Bangalore,2021-09-26,0.19
1404,Agent_1404,Delhi,2018-11-25,0.14
1405,Agent_1405,Mumbai,2021-11-20,0.05
1406,Agent_1406,Bangalore,2022-12-24,0.09
1407,Agent_1407,Mumbai,2021-02-13,0.2
1408,Agent_1408,Delhi,2020-03-25,0.2
1409,Agent_1409,Delhi,2020-10-06,0.13
1410,Agent_1410,Delhi,2018-11-25,0.13
1411,Agent_1411,Bangalore,2019-04-20,0.19
1412,Agent_1412,Mumbai,2020-03-06,0.16
1413,Agent_1413,Delhi,2018-02-04,0.19
1414,Agent_1414,Delhi,2018-12-29,0.12
1415,Agent_1415,Delhi,2018-06-15,0.2
1416,Agent_1416,Bangalore,2022-06-20,0.13
1417,Agent_1417,Bangalore,2019-11-12,0.15
1418,Agent_1418,Delhi,2020-04-14,0.06
1419,Agent_1419,Mumbai,2019-11-27,0.14
1420,Agent_1420,Delhi,2022-07-31,0.17
1421,Agent_1421,Bangalore,2019-01-22,0.12
1422,Agent_1422,Delhi,2019-07-17,0.13
1423,Agent_1423,Pune,2021-06-05,0.11
1424,Agent_1424,Mumbai,2019-08-12,0.2
1425,Agent_1425,Pune,2019-03-09,0.12
1426,Agent_1426,Bangalore,2018-08-14,0.07
1427,Agent_1427,Pune,2020-09-16,0.05
1428,Agent_1428,Mumbai,2022-10-10,0.17
1429,Agent_1429,Mumbai,2020-09-19,0.13
1430,Agent_1430,Pune,2022-08-26,0.05
1431,Agent_1431,Delhi,2018-01-16,0.11
1432,Agent_1432,Pune,2021-04-06,0.19
1433,Agent_1433,Bangalore,2020-04-16,0.19
1434,Agent_1434,Pune,2020-10-28,0.06
1435,Agent_1435,Pune,2022-01-01,0.07
1436,Agent_1436,Bangalore,2022-08-24,0.05
1437,Agent_1437,Pune,2021-12-29,0.18
1438,Agent_1438,Pune,2020-01-04,0.06
1439,Agent_1439,Bangalore,2021-11-10,0.07
1440,Agent_1440,Pune,2018-06-15,0.08
1441,Agent_1441,Pune,2018-11-08,0.19
1442,Agent_1442,Mumbai,2022-11-01,0.15
1443,Agent_1443,Bangalore,2019-06-16,0.14
1444,Agent_1444,Mumbai,2020-12-11,0.17
1445,Agent_1445,Bangalore,2023-04-13,0.15
1446,Agent_1446,Delhi,2018-11-17,0.16
1447,Agent_1447,Mumbai,2019-08-01,0.06
1448,Agent_1448,Delhi,2020-10-08,0.14
1449,Agent_1449,Pune,2018-10-02,0.16
1450,Agent_1450,Delhi,2023-04-20,0.13
1451,Agent_1451,Pune,2020-01-15,0.05
1452,Agent_1452,Delhi,2019-03-29,0.08
1453,Agent_1453,Pune,2023-03-03,0.19
1454,Agent_1454,Pune,2021-07-23,0.16
1455,Agent_1455,Delhi,2020-05-24,0.15
1456,Agent_1456,Mumbai,2021-08-24,0.15
1457,Agent_1457,Bangalore,2022-08-05,0.07
1458,Agent_1458,Mumbai,2022-07-16,0.05
1459,Agent_1459,Delhi,2022-10-07,0.12
1460,Agent_1460,Pune,2021-01-19,0.12
1461,Agent_1461,Delhi,2020-07-19,0.17
1462,Agent_1462,Bangalore,2022-01-04,0.08
1463,Agent_1463,Delhi,2022-07-16,0.09
1464,Agent_1464,Mumbai,2021-12-12,0.06
1465,Agent_1465,Pune,2019-11-30,0.11
1466,Agent_1466,Mumbai,2022-06-04,0.09
1467,Agent_1467,Pune,2019-10-30,0.09
1468,Agent_1468,Mumbai,2023-05-17,0.09
1469,Agent_1469,Mumbai,2021-12-13,0.08
1470,Agent_1470,Delhi,2021-11-23,0.1
1471,Agent_1471,Bangalore,2018-09-16,0.13
1472,Agent_1472,Mumbai,2020-07-11,0.12
1473,Agent_1473,Delhi,2022-07-21,0.06
1474,Agent_1474,Pune,2020-06-01,0.11
1475,Agent_1475,Pune,2018-01-04,0.18
1476,Agent_1476,Mumbai,2021-05-21,0.07
1477,Agent_1477,Pune,2021-11-30,0.19
1478,Agent_1478,Bangalore,2018-03-10,0.1
1479,Agent_1479,Delhi,2020-05-22,0.05
1480,Agent_1480,Mumbai,2021-06-08,0.09
1481,Agent_1481,Bangalore,2020-03-01,0.06
1482,Agent_1482,Delhi,2020-09-09,0.13
1483,Agent_1483,Delhi,2020-06-27,0.1
1484,Agent_1484,Mumbai,2022-05-15,0.17
1485,Agent_1485,Pune,2018-10-10,0.16
1486,Agent_1486,Delhi,2019-09-23,0.12
1487,Agent_1487,Delhi,2021-08-22,0.13
1488,Agent_1488,Pune,2020-10-12,0.14
1489,Agent_1489,Pune,2023-06-22,0.09
1490,Agent_1490,Mumbai,2021-07-15,0.07
1491,Agent_1491,Mumbai,2021-03-07,0.11
1492,Agent_1492,Delhi,2018-02-18,0.06
1493,Agent_1493,Pune,2022-11-01,0.1
1494,Agent_1494,Mumbai,2022-10-22,0.13
1495,Agent_1495,Mumbai,2023-03-14,0.13
1496,Agent_1496,Pune,2020-11-24,0.07
1497,Agent_1497,Pune,2020-07-22,0.05
1498,Agent_1498,Delhi,2018-07-01,0.06
1499,Agent_1499,Pune,2018-04-30,0.06
1500,Agent_1500,Mumbai,2022-12-17,0.11
